gendered,neutral,difficulty
Estos servicios permitirán que los administrativos trabajen con más eficacia y realicen sus actividades de manera más óptima.,Estos servicios permitirán que el personal administrativo trabaje con más eficacia y realice sus actividades de manera más óptima,dificultades_variadas
La autora de este texto es Virginia Wolf,la autora de este texto es Virginia Wolf,dificultades_variadas
"El 90% votó a favor , los otros se abstuvieron","El 90% votó a favor , el resto se abstuvo",dificultades_variadas
la autora de esta novela es Virginia Wolf,la autora de esta novela es Virginia Wolf,no_cambia
"En muchos casos , los equipos de trabajo funcionan únicamente como vehículo para que alguien pueda hacerse con el poder o mantenerse con él","En muchos casos , los equipos de trabajo funcionan únicamente como vehículo para que cierta persona pueda hacerse con el poder o mantenerse con él",dificultades_variadas
"Para ser catedrática, se necesita mucho esfuerzo","Para obtener una cátedra, se necesita mucho esfuerzo",dificultades_variadas
Habitualmente los partidos funcionan únicamente como vehículo para que alguien pueda hacerse con el poder,Habitualmente los partidos funcionan únicamente como vehículo para que cierta persona pueda hacerse con el poder,dificultades_variadas
Todos los asistentes al curso obtendrán un regalo,Cada asistente al curso obtendrá un regalo,dificultades_variadas
Ante este suceso se debe pedir consejo a las accionistas,Ante este suceso se debe pedir consejo al accionariado,dificultades_variadas
Otro campo de actuación importante han sido los hospitales privados donde se trabaja con las enfermeras codo con codo,Otro campo de actuación importante han sido los hospitales privados donde se trabaja con el personal sanitario codo con codo,dificultades_variadas
Cine de adultas,Cine adulto,dificultades_variadas
Durante su ingreso no debe tomar vitaminas que no le sean suministradas por los especialistas en este caso,Durante su ingreso no debe tomar vitaminas que no le sean suministradas por el personal experto en este caso,dificultades_variadas
las alumnas han presentado una queja hacia las profesoras en los exámenes finales. Los representantes estudiantiles son los alumnos Juanju y Javi.,el alumnado ha presentado una queja hacia el profesorado en los exámenes finales. Los representantes estudiantiles son los alumnos Juanju y Javi.,dificultades_variadas
Después de este tiempo los limpiadores y las limpiadoras retirarán todos los materiales,Después de este tiempo el personal de limpieza retirará todos los materiales,dificultades_variadas
Se han incorporado al centro dos docentes para el nuevo curso. Los formadores Mario y Roberto serán los responsables de coordinar el departamento de Lengua Castellana.,Se han incorporado al centro dos docentes para el nuevo curso. Los profesores Mario y Roberto serán los responsables de coordinar el departamento de Lengua Castellana.,dificultades_variadas
Todos los asistentes al viaje recibirán una acreditación,Cada asistente al viaje recibirá una acreditación,dificultades_variadas
Recibirán una prestación los parados,Recibirán una prestación las personas en paro,dificultades_variadas
Habitualmente los equipos de trabajo funcionan únicamente como vehículo para que alguien pueda hacerse con el control o mantenerlo,Habitualmente los equipos de trabajo funcionan únicamente como vehículo para que cierta persona pueda hacerse con el control o mantenerlo,dificultades_variadas
los equipos de futbol funcionan únicamente como vehículo para que alguno pueda hacerse con el control o mantenelo,los equipos de futbol funcionan únicamente como vehículo para que cierta persona pueda hacerse con el control o mantenerlo,dificultades_variadas
Todos los asistentes al viaje recibirán un dossier explicativo,Cada asistente al viaje recibirá un dossier explicativo,dificultades_variadas
los equipos de futbol funcionan únicamente como vehículo para que alguna pueda hacerse con el control o mantenerlo,los equipos de futbol funcionan únicamente como vehículo para que cierta persona pueda hacerse con el control o mantenerlo,dificultades_variadas
Establecer un protocolo de acción para todos las profesoras de manera unívoca,Establecer un protocolo de acción para todo el profesorado de manera unívoca,dificultades_variadas
El tiempo que esté aquí no debe tomar agua que no le sea suministrada por los especialistas en su cirugía,El tiempo que esté aquí no debe tomar agua que no le sea suministrada por el personal experto en su cirugía,dificultades_variadas
Todos los asistentes al viaje obtendrán un dossier explicativo,Cada asistente al viaje obtendrá un dossier explicativo,dificultades_variadas
Otro campo de acción importante fueron los hospitales donde se trabaja con los enfermeros,Otro campo de acción importante fueron los hospitales donde se trabaja con el personal sanitario,dificultades_variadas
Habitualmente los partidos funcionan únicamente como vehículo para que alguna pueda hacerse con el control o mantenerlo,Habitualmente los partidos funcionan únicamente como vehículo para que cierta persona pueda hacerse con el control o mantenerlo,dificultades_variadas
Curso de idioma dirigido a aquellos que quieren perfeccionar su segunda lengua,Curso de idioma dirigidos a quienes quieran perfeccionar su segunda lengua,dificultades_variadas
los aspirantes deberán comunicar inmediatamente a la Comisión cualquier modificación importante de la ciudad.,quienes aspiren deberán comunicar inmediatamente a la Comisión cualquier modificación importante de la ciudad.,dificultades_variadas
Disfruto de seáis vosotros quienes a veces me lean algo,Disfruto de que alguna persona a veces me lea algo,dificultades_variadas
Otro campo de acción importante fueron los hospitales privados donde se trabaja con los médicos,Otro campo de acción importante fueron los hospitales privados donde se trabaja con el personal médico,dificultades_variadas
Los formadores Adolfo y Germán impartirán la asignatura de Francés.,Los formadores Adolfo y Germán impartirán la asignatura de Francés.,nombres_propios
los alumnos han presentado una queja a los profesores por las notas. Los representantes estudiantiles son los alumnos Juanju y Javi.,el alumnado ha presentado una queja al profesorado por las notas. Los representantes estudiantiles son los alumnos Juanju y Javi.,dificultades_variadas
Establecer un protocolo de acción para todos las formadoras de manera unívoca,Establecer un protocolo de acción para todo el profesorado de manera unívoca,dificultades_variadas
Me gusta que seáis vosotros quienes de vez en cuando me reciten algo,Me gusta que alguien de vez en cuando me recite algo,dificultades_variadas
Los restantes vocales,El resto de vocales,dificultades_variadas
También requiere que las políticas se formulen con el colaborador de los líderes indígenas,También requiere que las políticas se formulen en colaboración con los líderes indígenas,dificultades_variadas
Aunque soy capaz de leer solo me gusta escuchar leer,Aunque soy capaz de leer por mi cuenta me gusta escuchar leer,dificultades_variadas
Me gusta que seáis vosotros quienes me lean algo,Me gusta que alguien me lea algo,dificultades_variadas
Otro campo de actuación importante fueron los hospitales privados donde se trabaja con las enfermeras codo con codo,Otro campo de actuación importante fueron los hospitales privados donde se trabaja con el personal sanitario codo con codo,dificultades_variadas
los alumnos han presentado una queja a las profesoras en los exámenes finales. Los representantes estudiantiles son los alumnos Juanju y Javi.,el alumnado ha presentado una queja al profesorado en los exámenes finales. Los representantes estudiantiles son los alumnos Juanju y Javi.,dificultades_variadas
Número de vigilantes de seguridad en la CAM que pudieran ser asignados a este servicio,Número de vigilantes de seguridad en la CAM que pudieran asignarse a este servicio,dificultades_variadas
Todos los asistentes al viaje recibirán un diploma,Cada asistente al viaje recibirá un diploma,dificultades_variadas
Estos ordenadores permitirán que los administrativos trabajen con más celeridad y realicen sus actividades de manera más óptima,Estos ordenadores permitirán que el personal administrativo trabaje con más celeridad y realice sus actividades de manera más óptima,dificultades_variadas
Todos los asistentes al curso obtendrán un dossier explicativo,Cada asistente al curso obtendrá un dossier explicativo,dificultades_variadas
Otro campo de acción importante han sido los hospitales privados donde se trabaja con el personal sanitario,Otro campo de acción importante han sido los hospitales privados donde se trabaja con el personal sanitario,no_cambia
La Madre Tierra/Pachamama es sagrada y central para los,La Madre Tierra/Pachamama es sagrada y central para los,no_cambia
Todos los ponentes al viaje contarán con un diploma,Cada ponente al viaje contará con un diploma,dificultades_variadas
Mientras esté ingresado no debe tomar vitaminas que no le sean suministradas por los especialistas de nuestro centro,Mientras esté ingresado no debe tomar vitaminas que no le sean suministradas por el personal experto de nuestro centro,dificultades_variadas
Durante su ingreso no debe tomar vitaminas que no le sean suministradas por los expertos,Durante su ingreso no debe tomar vitaminas que no le sean suministradas por el personal especializado,dificultades_variadas
Es crucial cubrir las carencias que tiene el promotor incorporando personal cualificado con un perfil diferente para compensar las carencias,Es crucial cubrir las carencias que tiene el equipo promotor incorporando personal cualificado con un perfil diferente para compensar las carencias,plural_complejo
Tenemos que cubrir las carencias que presenta el promotor añadiendo personal con un perfil diferente para compensar las carencias,Tenemos que cubrir las carencias que presenta el equipo promotor añadiendo personal con un perfil diferente para compensar las carencias,plural_complejo
Tenemos que solventar los problemas que tiene el promotor incorporando personal cualificado con un perfil diferente para compensar los fallos,Tenemos que solventar los problemas que tiene el equipo promotor incorporando personal cualificado con un perfil diferente para compensar los fallos,plural_complejo
Todos los ponentes al congreso contarán con un regalo,Cada ponente al congreso contará con un regalo,dificultades_variadas
Mientras esté ingresado no debe tomar vitaminas que no le sean suministradas por los especializados en este caso,Mientras esté ingresado no debe tomar vitaminas que no le sean suministradas por el personal experto en este caso,dificultades_variadas
Cuando las personas beneficiarias de una asignación por minusvalía fallezcan sin que se reúnan las condiciones se aplicará el protocolo,Cuando Las personas beneficiarias de una asignación por minusvalía fallezcan sin que se reúnan las condiciones se aplicará el protocolo,no_cambia
El tiempo que esté aquí no debe tomar vitaminas que no le sean suministradas por los especialistas en este caso,El tiempo que esté aquí no debe tomar vitaminas que no le sean suministradas por el personal experto en este caso,dificultades_variadas
Otro campo de acción importante han sido los hospitales públicos donde se trabaja con las enfermeras,Otro campo de acción importante han sido los hospitales públicos donde se trabaja con el personal sanitario,dificultades_variadas
Podrá solicitar la beca todo estudiante que esté matriculado en la Universidad de Jaén.,Podrá solicitar la beca todo estudiante que se haya matriculado en la Universidad de Jaén.,dificultades_variadas
Estas herramientas permitirán que los administrativos trabajen con más rapidez,Estas herramientas permitirán que el personal administrativo trabaje con más rapidez,dificultades_variadas
Para ser catedrático se requiere ser constante,Para obtener una cátedra se requiere ser constante,dificultades_variadas
Todos los ponentes al congreso recibirán un regalo,Cada ponente al congreso recibirá un regalo,dificultades_variadas
"los organizadores de los programas sabían que , para ser efectivos , era necesario acompañar la participación","la organización de los programas sabía que , para ser efectivos , era necesario acompañar la participación",dificultades_variadas
Mientras esté ingresado no debe tomar vitaminas que no le sean suministradas por los especialistas,Mientras esté ingresado no debe tomar vitaminas que no le sea suministrada por el personal experto,dificultades_variadas
Nosotras abogamos por una universidad gratuita,Abogamos por una universidad gratuita,dificultades_variadas
"El 90% votó a favor , los otros se abstuvieron","El 90% votó a favor , el resto se abstuvo",dificultades_variadas
las estudiantes se integran en una amplia comunidad virtual en donde distintos servicios en línea están a su alcance para dar respuesta a sus necesidades.,el estudiantado de se integra en una amplia comunidad virtual en donde distintos servicios en línea están a su alcance para dar respuesta a sus necesidades.,dificultades_variadas
Establecer un protocolo de acción para todas las profesoras de manera justa,Establecer un protocolo de acción para todo el profesorado de manera justa,dificultades_variadas
Cada uno,Cada cual,dificultades_variadas
Mientras esté ingresado no debe tomar vitaminas que no le sean suministradaa por los expertos de nuestro centro,Mientras esté ingresado no debe tomar vitaminas que no le sean suministradas por el personal especializado de nuestro centro,dificultades_variadas
El tiempo que esté aquí no debe tomar vitaminas que no le sean suministradas por los especialistas de nuestro centro,El tiempo que esté aquí no debe tomar vitaminas que no le sean suministradas por el personal experto de nuestro centro,dificultades_variadas
Todos los asistentes al congreso obtendrán una carpeta con materiales,Cada asistente al congreso obtendrá una carpeta con materiales,dificultades_variadas
Todos los ponentes al viaje obtendrán una acreditación,Cada ponente al viaje obtendrá una acreditación,dificultades_variadas
Todos los ponentes al curso contarán con un regalo,Cada ponente al curso contará con un regalo,dificultades_variadas
"Esto significa que si uno de los padres tiene el TD o el gen del TD , existe una probabilidad del 50 por ciento de que transmita el gen en cada embarazo a su hijo","Esto significa que si uno de los padres tiene el TD o el gen del TD , existe una probabilidad del 50 por ciento de que transmita el gen en cada embarazo a su hijo o hija",no_cambia
Tenemos que cubrir las carencias que tiene el personal promotor contratando personal con un perfil diferente para compensar los errores pasados,Tenemos que cubrir las carencias que tiene el personal promotor contratando personal con un perfil diferente para compensar los errores pasados,no_cambia
Todos los ponentes al congreso contarán con una carpeta con materiales,Cada ponente al congreso contará con una carpeta con materiales,dificultades_variadas
¿Puede el hombre diferenciar el bien del mal?,¿Se puede diferenciar el bien del mal?,dificultades_variadas
las clientas deberán acudir a recepción en primer lugar.,la clientela deberá acudir a recepción en primer lugar.,dificultades_variadas
Curso de idioma dirigidosa aquellas personas que quieran aprender a comunicarse con fluidez,Curso de idioma dirigido a quienes quieran aprender a comunicarse con fluidez,dificultades_variadas
Todas tenemos,Cada persona tiene,dificultades_variadas
Todos los asistentes al congreso obtendrán un diploma,Cada asistente al congreso obtendrá un diploma,dificultades_variadas
Todos los asistentes al curso recibirán una carpeta con materiales,Cada asistente al curso recibirá una carpeta con materiales,dificultades_variadas
"Anímate, hazte socio y colabora con nuestro reto","Anímate, asóciate y colabora con nuestro reto",dificultades_variadas
Otro campo de actuación importante han sido los hospitales donde se trabaja con las enfermeras,Otro campo de actuación importante han sido los hospitales donde se trabaja con el personal sanitario,dificultades_variadas
Durante su ingreso no debe tomar vitaminas que no le sean suministradas por los expertos en su cirugía,Durante su ingreso no debe tomar vitaminas que no le sean suministradas por el personal especializado en su cirugía,dificultades_variadas
Otro campo de actuación importante han sido los hospitales públicos donde se trabaja con los médicos de manera estrecha,Otro campo de actuación importante han sido los hospitales públicos donde se trabaja con el personal médico de manera estrecha,dificultades_variadas
Otro campo de actuación importante han sido los hospitales públicos donde se trabaja con los enfermeros de manera estrecha,Otro campo de actuación importante han sido los hospitales públicos donde se trabaja con el personal sanitario de manera estrecha,dificultades_variadas
Estas herramientas permitirán que los administrativos trabajen con más eficacia,Estas herramientas permitirán que el personal administrativo trabaje con más eficacia,dificultades_variadas
¿Cómo cabe esperar que la situación empeore si los encargados de valorar las estimaciones apenas tiene en cuenta este aspecto?,¿Cómo cabe esperar que la situación empeore si el personal encargado de valorar las estimaciones apenas tiene en cuenta este aspecto?,dificultades_variadas
Otro campo de actuación importante fueron los hospitales públicos donde se trabaja con el personal sanitario,Otro campo de actuación importante fueron los hospitales públicos donde se trabaja con el personal sanitario,no_cambia
¿ alguna quiere pasar a la pizarra?,¿ quién quiere pasar a la pizarra?,dificultades_variadas
Todos los ponentes al congreso contarán con un dossier explicativo,Cada ponente al congreso contará con un dossier explicativo,dificultades_variadas
Todos los ponentes al curso contarán con un diploma,Cada ponente al curso contará con un diploma,dificultades_variadas
Disfruto de que seáis vosotros quienes me lean algo,Disfruto alguien me lea algo,dificultades_variadas
Los intermediarios del acuerdo se ocuparán también de saber si la oficina tiene todas sus cuentas al día y si no hay cargas,Las personas intermediarias del acuerdo se ocuparán también de saber si la oficina tiene todas sus cuentas al día y si no hay cargas,dificultades_variadas
Todos tenemos nuestros derechos,Los humanos tenemos nuestros derechos,dificultades_variadas
Los periódicos podrán hacer difusión haciendo constar siempre la procedencia y el autor de las encuestas,Los periódicos podrán hacer difusión haciendo constar siempre la procedencia y la autoría de las encuestas,dificultades_variadas
No es exagerado decir que carga con una larga historia de mala fama entre los electores y la prensa nacional,No es exagerado decir que carga con una larga historia de mala fama entre el electorado y la prensa nacional,dificultades_variadas
Participaron unos veintitrés participantes,Participaron veintitrés participantes,dificultades_variadas
Todos los asistentes al congreso contará con un dossier explicativo,Cada asistente al congreso contará con un dossier explicativo,dificultades_variadas
Todos los ponentes al viaje recibirá una carpeta con materiales,Cada ponente al viaje recibirá una carpeta con materiales,dificultades_variadas
Disfruto seáis vosotros quienes me lea algo,Disfruto de que alguna persona me lea algo,dificultades_variadas
La revista es revisada por profesionales cualificados,La revista es revisada por profesionales con cualificación,dificultades_variadas
Las páginas web podrán publicar sin olvidar nunca la procedencia y el autor de los ensayos filosóficos,Las páginas web podrán publicar sin olvidar nunca la procedencia y la autoría de los ensayos filosóficos,dificultades_variadas
Podrá solicitar la beca todo estudiante que esté matriculado en la Universidad de Jaén.,Podrá solicitar la beca todo estudiante con matrícula en la Universidad de Jaén.,dificultades_variadas
hay un 50% de probabilidad de que si es varón tenga hemofilia y un 50% de probabilidad de que si es mujer sea portadora del gen.,hay un 50% de probabilidad de que si es varón tenga hemofilia y un 50% de probabilidad de que si es mujer sea portadora del gen.,no_cambia
Debe figurar el nombre de la ocupante de la plaza,Debe figurar el nombre de quien ocupa la plaza,dificultades_variadas
Todos los ponentes al curso recibirán un diploma,Cada ponente al curso recibirá un diploma,dificultades_variadas
Todos tenemos que ser respetuosos,Cada persona tiene ser respetuosa,dificultades_variadas
Todos los ponentes al viaje recibirán una acreditación,Cada ponente al viaje recibirá una acreditación,dificultades_variadas
Estos servicios permitirán que los administrativos trabajen con más rapidez,Estos servicios permitirán que el personal administrativo trabaje con más rapidez,dificultades_variadas
los equipos de trabajo funcionan únicamente como vehículo para que alguno pueda hacerse con el control o mantenerlo,los equipos de trabajo funcionan únicamente como vehículo para que cierta persona pueda hacerse con el control o mantenerlo,dificultades_variadas
Todos los asistentes al curso contarán con un dossier explicativo,Cada asistente al curso contará con un dossier explicativo,dificultades_variadas
Todos los ponentes al viaje contarán con una acreditación,Cada ponente al viaje contará con una acreditación,dificultades_variadas
los asistentes a la función deberán llegar temprano,quien asista a la función deberá llegar temprano,dificultades_variadas
Otro campo de acción importante fueron los hospitales donde se trabaja con las enfermeras de manera estrecha,Otro campo de acción importante fueron los hospitales donde se trabaja con el personal sanitario de manera estrecha,dificultades_variadas
La revista es revisada por profesionales cualificados,La revista es revisada profesionales con cualificación,dificultades_variadas
Estos proyectos se desarrollan en todo el espectro de interacciones entre los funcionarios y el público,Estos proyectos se desarrollan en todo el espectro de interacciones entre el funcionariado y el público,dificultades_variadas
Todos los asistentes al congreso obtendrán una acreditación,Cada asistente al congreso obtendrá una acreditación,dificultades_variadas
Los formadores Alejandro y Manuel impartirán la asignatura de Química.,Los formadores Alejandro y Manuel impartirán la asignatura de Química.,nombres_propios
Curso de idioma dirigidos a aquellos que quieran aprender a comunicarse con fluidez,Curso de idioma dirigidos a quienes quieran aprender a comunicarse con fluidez,dificultades_variadas
Otro campo de acción importante han sido los hospitales donde se trabaja con los médicos codo con codo,Otro campo de acción importante han sido los hospitales donde se trabaja con el personal médico codo con codo,dificultades_variadas
¿Cómo podemos esperar que la situación mejore si los encargados de maximizar los beneficios apenas tienen en cuenta este aspecto?,¿Cómo podemos esperar que la situación mejore si el personal encargado de maximizar los beneficios apenas tiene en cuenta este aspecto?,dificultades_variadas
"Previamente , los aspirantes deberán comunicar inmediatamente a la Comisión cualquier modificación determinante","Previamente , quienes aspiren deberán comunicar inmediatamente a la Comisión cualquier modificación determinante",dificultades_variadas
las alumnas han presentado una queja hacia las profesoras por las notas. Los representantes estudiantiles son los alumnos Juanju y Javi.,el alumnado ha presentado una queja hacia el profesorado por las notas. Los representantes estudiantiles son los alumnos Juanju y Javi.,dificultades_variadas
Habitualmente los equipos de futbol funcionan únicamente como vehículo para que alguno pueda hacerse con el control,Habitualmente los equipos de futbol funcionan únicamente como vehículo para que cierta persona pueda hacerse con el control,dificultades_variadas
todos los que hablamos nos hemos disculpado,quienes hablamos nos hemos disculpado,dificultades_variadas
Otro campo de acción importante fueron los hospitales públicos donde se trabaja con los enfermeros codo con codo,Otro campo de acción importante fueron los hospitales públicos donde se trabaja con el personal sanitario codo con codo,dificultades_variadas
Durante su ingreso no debe tomar vitaminas que no le sean suministradas por los especialistas de nuestro centro,Durante su ingreso no debe tomar vitaminas que no le sean suministradas por el personal experto de nuestro centro,dificultades_variadas
Cada una,Cada quien,dificultades_variadas
los asistentes a la función deberán llegar temprano,quien asista a la función deberá llegar temprano,dificultades_variadas
Otro campo de acción importante han sido los hospitales donde se trabaja con los enfermeros,Otro campo de acción importante han sido los hospitales donde se trabaja con el personal sanitario,dificultades_variadas
Todos los ponentes al curso recibirán un dossier explicativo,Cada ponente al curso recibirá un dossier explicativo,dificultades_variadas
Todos los asistentes al curso recibirán un dossier explicativo,Cada asistente al curso recibirá un dossier explicativo,dificultades_variadas
Todos los ponentes al curso obtendrán un diploma,Cada ponente al curso obtendrá un diploma,dificultades_variadas
la autora de este escrito es Virginia Wolf,la autora de este escrito es Virginia Wolf,dificultades_variadas
"Si quieres ir a un museo con la clase , vas a tener que avisar a tu familia","Si quieres ir a un museo con la clase , vas a tener que avisar a tu familia",dificultades_variadas
El tribunal estará compuesto por profesionales autorizados,El tribunal estará compuesto por profesionales con autorización,dificultades_variadas
Todos los ponentes al viaje obtendrán un diploma,Cada ponente al viaje obtendrá un diploma,dificultades_variadas
Durante su ingreso no debe tomar vitaminas que no le sean suministradas por los especialistas en este caso,Durante su ingreso no debe tomar vitaminas que no le sean suministradas por el personal experto en este caso,dificultades_variadas
Alguien ha terminado el trabajo,Alguien ha terminado el trabajo,dificultades_variadas
Otro campo de acción importante fueron los hospitales donde se trabaja con las enfermeras,Otro campo de acción importante fueron los hospitales donde se trabaja con el personal sanitario,dificultades_variadas
"En muchos casos , los partidos funcionan únicamente como vehículo para que alguien pueda hacerse con el control o mantenerlo","En muchos casos , los partidos funcionan únicamente como vehículo para que alguien pueda hacerse con el control o mantenerlo",dificultades_variadas
Un perfil de múltiples artistas que todas las que hablamos la lengua de Cervantes seguimos reconociendo como propio e inalienable,Un perfil de múltiples artistas que quienes que hablamos la lengua de Cervantes seguimos reconociendo como propio e inalienable,dificultades_variadas
El consejo estará compuesto por miembros acreditados,El consejo estará compuesto por miembros con acreditación,dificultades_variadas
"Cuando los beneficiarios de una asignación por minusvalía no reúnan las condiciones , se procederá a su expulsión","Cuando las personas beneficiarias de una asignación por minusvalía no reúna las condiciones , se procederá a su expulsión",dificultades_variadas
"Cuando el beneficiario de una asignación por invalidez no reúna las condiciones , se procederá a su expulsión","Cuando la persona beneficiaria de una asignación por invalidez no reúna las condiciones , se procederá a su expulsión",dificultades_variadas
Habla con tu médico de cabecera para averiguar si necesitas que se cambie tu dosis de metadona o del resto medicamentos que tienes prescritos,Habla con tu médico o médica de cabecera para averiguar si necesitas que se cambie tu dosis de metadona o del resto medicamentos que tienes prescritos,no_cambia
Todos los asistentes al congreso recibirán una carpeta con materiales,Cada asistente al congreso recibirá una carpeta con materiales,dificultades_variadas
Estos ordenadores permitirán que los administrativos trabajen con más rapidez y realicen sus actividades de manera más óptima,Estos ordenadores permitirán que el personal administrativo trabaje con más rapidez y realice sus actividades de manera más óptima,dificultades_variadas
La normativa se dirige a los voluntarios y les explicaba el nuevo procedimiento de admisión de miembros,La normativa se dirige al voluntariado y les explicaba el nuevo procedimiento de admisión de miembros,dificultades_variadas
Todos los ponentes al curso obtendrán un regalo,Cada ponente al curso obtendrá un regalo,dificultades_variadas
Disfruto de que seáis vosotros quienes a veces me reciten algo,Disfruto de que a veces me recitéis algo,dificultades_variadas
También necesita que las políticas se formulen con el colaborador de los líderes indígenas para obtener resultados duraderos en el tiempo,También necesita que las políticas se formulen en colaboración con los líderes indígenas para obtener resultados duraderos en el tiempo,dificultades_variadas
El número de parados argentinos,El indice de paro en argentina,dificultades_variadas
Disfrutode que seáis vosotros quienes me reciten algo,Disfruto de que me recitéis algo,dificultades_variadas
el autor de esta novela es Miguel de Cervantes,el autor de esta novela es Miguel de Cervantes,dificultades_variadas
"No lo dudes, hazte socio y forma parte de nuestra asociación","No lo dudes, asóciate y forma parte de nuestra asociación",dificultades_variadas
Tenemos que cubrir las carencias que tiene el promotor incorporando personal cualificado con un perfil diferente para compensar los errores pasados,Tenemos que cubrir las carencias que tiene el equipo promotor incorporando personal cualificado con un perfil diferente para compensar los errores pasados,plural_complejo
Es importante solventar los problemas que presenta el promotor contratando personal con un perfil diferente para compensar los errores pasados,Es importante solventar los problemas que presenta el personal promotor contratando personal con un perfil diferente para compensar los errores pasados,plural_complejo
"A nivel corporativo , realizamos entrevistas con los encargados de la preparación y control de los procedimientos","A nivel corporativo , realizamos entrevistas con el personal responsable de la preparación y control de los procedimientos",dificultades_variadas
Mientras esté ingresado no debe tomar agua que no le sea suministrada por los especialistas en su cirugía,Mientras esté ingresado no debe tomar agua que no le sea suministrada por el personal experto en su cirugía,dificultades_variadas
El tiempo que esté aquí no debe tomar agua que no le sea suministrada por los expertos,El tiempo que esté aquí no debe tomar agua que no le sea suministrada por el personal especializado,dificultades_variadas
Los docentes Martín y Lucas impartirán la asignatura de Tecnología.,Los docentes Martín y Lucas impartirán la asignatura de Tecnología.,nombres_propios
"Cuando planees una actividad en clase , siempre debes tener en cuenta a los discapacitados","Cuando planees una actividad en clase , siempre debes tener en cuenta a las personas discapacitadas",dificultades_variadas
Disfruto de que seáis vosotros quienes me reciten algo,Disfruto de que me recitéis algo,dificultades_variadas
Los docentes Hugo y Mateo impartirán la asignatura de Literatura.,Los docentes Hugo y Mateo impartirán la asignatura de Literatura.,nombres_propios
Las profesoras Isabel y Dolores impartirán la asignatura de Conocimiento del Medio.,Las profesoras Isabel y Dolores impartirán la asignatura de Conocimiento del Medio.,no_cambia
Todos los asistentes al curso recibirán una acreditación,Cada asistente al curso recibirá una acreditación,dificultades_variadas
Tenemos que solventar los problemas que tiene el promotor añadiendo personal cualificado con un perfil diferente para compensar los fallos,Tenemos que solventar los problemas que tiene el equipo promotor añadiendo personal cualificado con un perfil diferente para compensar los fallos,plural_complejo
Cuando el beneficiario de una asignación por invalidez fallezca se aplicará el protocolo,Cuando la persona beneficiaria de una asignación por invalidez fallezca se aplicará el protocolo,dificultades_variadas
Todos los asistentes al viaje obtendrán una acreditación,Cada asistente al viaje obtendrá una acreditación,dificultades_variadas
Todos los asistentes al curso obtendrán una acreditación,Cada asistente al curso obtendrá una acreditación,dificultades_variadas
Aún no se ha recopilado información suficiente del motivo por el cual algunos tienen reacciones,Aún no se ha recopilado información suficiente del motivo por el cual ciertas personas tienen reacciones,dificultades_variadas
Habitualmente los equipos de trabajo funcionan únicamente como vehículo para que alguno pueda hacerse con el control,Habitualmente los equipos de trabajo funcionan únicamente como vehículo para que cierta persona pueda hacerse con el control,dificultades_variadas
Todos los ponentes al curso contarán con una acreditación,Cada ponente al curso contará con una acreditación,dificultades_variadas
Las formadoras Isabel y Dolores impartirán la asignatura de Educación Física.,Las formadoras Isabel y Dolores impartirán la asignatura de Educación Física.,no_cambia
los equipos de trabajo funcionan únicamente como vehículo para que alguno pueda hacerse con el control,los equipos de trabajo funcionan únicamente como vehículo para que cierta persona pueda hacerse con el control,dificultades_variadas
"los organizadores de los programas tenían en cuenta que, para ser efectivos , era necesario acompañar la participación","la organización de los programas tenía en cuenta que, para ser efectivos , era necesario acompañar la participación",dificultades_variadas
la autora de este escrito es Virginia Wolf,la autora de este escrito es Virginia Wolf,no_cambia
Habitualmente los equipos de trabajo funcionan únicamente como vehículo para que alguno pueda hacerse con el poder,Habitualmente los equipos de trabajo funcionan únicamente como vehículo para que cierta persona pueda hacerse con el poder,dificultades_variadas
Otro campo de acción importante fueron los hospitales privados donde se trabaja con los médicos codo con codo,Otro campo de acción importante fueron los hospitales privados donde se trabaja con el personal médico codo con codo,dificultades_variadas
Para obtener una cátedra se requiere ser constante,Para obtener una cátedra se requiere ser constante,no_cambia
los clientes deberá acudir a recepción en primer lugar.,la clientela deberá acudir a recepción en primer lugar.,dificultades_variadas
"Es mandatario que el mentor esté disponible para capacitar , ayudar y dar apoyo a su alumno","Es mandatario que el mentor esté disponible para capacitar , ayudar y dar apoyo a su estudiante",dificultades_variadas
Hay que respetar los discursos de los otros,Hay que respetar los discursos del resto,dificultades_variadas
Todos los asistentes al curso contarán con un regalo,Cada asistente al curso contará con un regalo,dificultades_variadas
Todos los asistentes al curso recibirán un regalo,Cada asistente al curso recibirá un regalo,dificultades_variadas
"Buenas tardes a todos, rogamos estén presentes","Buenas tardes, rogamos estén presentes",dificultades_variadas
Otro campo de acción importante han sido los hospitales privados donde se trabaja con los médicos codo con codo,Otro campo de acción importante han sido los hospitales privados donde se trabaja con el personal médico codo con codo,dificultades_variadas
Para que desempeñen una función activa en la política de su país deben de estar informados,Para que desempeñen una función activa en la política de su país deben de informarse,dificultades_variadas
Estas herramientas permitirán que los administrativos trabajen con más celeridad y realicen sus actividades de manera más óptima,Estas herramientas permitirán que el personal administrativo trabaje con más celeridad y realice sus actividades de manera más óptima,dificultades_variadas
Otro campo de acción importante han sido los hospitales donde se trabaja con el personal sanitario codo con codo,Otro campo de acción importante han sido los hospitales donde se trabaja con el personal sanitario codo con codo,no_cambia
Mientras esté ingresado no debe tomar vitaminas que no le sean suministradas por los expertos en su cirugía,Mientras esté aquí no debe tomar vitaminas que no le sean suministradas por el personal especializado en su cirugía,dificultades_variadas
Todos los ponentes al congreso obtendrán un dossier explicativo,Cada ponente al congreso obtendrá un dossier explicativo,dificultades_variadas
Las profesoras Mariana y Jimena impartirán la asignatura de Física.,Las profesoras Mariana y Jimena impartirán la asignatura de Física.,nombres_propios
Los formadores Hugo y Mateo impartirán la asignatura de Educación Física.,Los formadores Hugo y Mateo impartirán la asignatura de Educación Física.,no_cambia
Otro campo de acción importante fueron los hospitales donde se trabaja con los médicos,Otro campo de acción importante fueron los hospitales donde se trabaja con el personal médico,dificultades_variadas
Las formadoras Mariana y Jimena impartirán la asignatura de Matemáticas.,Las formadoras Mariana y Jimena impartirán la asignatura de Matemáticas.,nombres_propios
los equipos de trabajo funcionan únicamente como vehículo para que alguno pueda hacerse con el poder,los equipos de trabajo funcionan únicamente como vehículo para que cierta persona pueda hacerse con el poder,dificultades_variadas
El personal intermediador del acuerdo se ocupará también de saber si la oficina tiene las deudas saldadas y si no hay cargas,El personal intermediador del acuerdo se ocupará también de saber si la oficina tiene las deudas saldadas y si no hay cargas,no_cambia
Las personas intermediarias del acuerdo se ocuparán también de saber si el local tiene las deudas saldadas,Las personas intermediarias del acuerdo se ocuparán también de saber si el local tiene las deudas saldadas,no_cambia
"No obstante, los aspirantes deberán comunicar inmediatamente a la Comisión cualquier modificación sustancial de la información del estadio.","No obstante , los y las aspirantes deberán comunicar inmediatamente a la Comisión cualquier modificación sustancial de la información del estadio.",dificultades_variadas
El tiempo que esté aquí no debe tomar vitaminas que no le sean suministradas por los especialistas en su cirugía,El tiempo que esté aquí no debe tomar vitaminas que no le sean suministradas por el personal experto en su cirugía,dificultades_variadas
todos los que hablamos nos hemos disculpado,las personas que hablamos nos hemos disculpado,dificultades_variadas
Estos ordenadores permitirán que los administrativos trabajen con más celeridad,Estos ordenadores permitirán que el personal administrativo trabaje con más celeridad,dificultades_variadas
Ayer vimos en la fiesta a las médicas y sus maridos,Ayer vimos en la fiesta al personal médico y sus parejas,dificultades_variadas
También necesita que las políticas se formulen con los colaboradores de los líderes indígenas,También necesita que las políticas se formulen en colaboración con los líderes indígenas,dificultades_variadas
"los organizadores de los programas sabían que, para ser efectivos , era necesario acompañar la participación","el equipo organizador de los programas sabía que , para ser efectivos , era necesario acompañar la participación",dificultades_variadas
Todos los ponentes al viaje contarán con una carpeta con materiales,Cada ponente al viaje contará con una carpeta con materiales,dificultades_variadas
Las páginas web podrán reenviar la información sin olvidar nunca la procedencia y el autor de las encuestas,Las páginas web podrán reenviar la información sin olvidar nunca la procedencia y la autoría de las encuestas,dificultades_variadas
Todos los asistentes al congreso recibirán un dossier explicativo,Cada asistente al congreso recibirá un dossier explicativo,dificultades_variadas
"Cuando los beneficiarios de una asignación por minusvalía fallezcan, se aplicará el protocolo","Cuando las personas beneficiarias de una asignación por minusvalía fallezcan, se aplicará el protocolo",dificultades_variadas
Todos los ponentes al viaje contarán con un regalo,Cada ponente al viaje contará con un regalo,dificultades_variadas
Todos los ponentes al viaje obtendrán un regalo,Cada ponente al viaje obtendrá un regalo,dificultades_variadas
Todos los ponentes al viaje obtendrán una carpeta con materiales,Cada ponente al viaje obtendrá una carpeta con materiales,dificultades_variadas
los estudiantes se integran en una amplia comunidad virtual en donde distintos servicios en línea están a su alcance para dar respuesta a sus necesidades.,el estudiantado se integra en una amplia comunidad virtual en donde distintos servicios en línea están a su alcance para dar respuesta a sus necesidades.,dificultades_variadas
los equipos de trabajo funcionan únicamente como vehículo para que alguno pueda hacerse con el control o mantenerlo,los equipos de trabajo funcionan únicamente como vehículo para que cierta persona pueda hacerse con el control o mantenerse con él,dificultades_variadas
El tiempo que esté aquí no debe tomar vitaminas que no le sean suministradas por el personal experto en este caso,El tiempo que esté aquí no debe tomar vitaminas que no le sean suministradas por el personal experto en este caso,no_cambia
Todos los ponentes al congreso recibirán una acreditación,Cada ponente al congreso recibirá una acreditación,dificultades_variadas
Disfruto de que seáis vosotros quienes de vez en cuando me lea algo,Disfruto de que me leáis algo de vez en cuando,dificultades_variadas
Otro campo de acción importante han sido los hospitales privados donde se trabaja con los enfermeros codo con codo,Otro campo de acción importante han sido los hospitales privados donde se trabaja con el personal sanitario codo con codo,dificultades_variadas
Todos los ponentes al congreso recibirán una carpeta con materiales,Cada ponente al congreso recibirá una carpeta con materiales,dificultades_variadas
Todos los ponentes al congreso obtendrán una acreditación,Cada ponente al congreso obtendrá una acreditación,dificultades_variadas
"Cuando son niños, no saben caminar correctamente","En su niñez, no saben caminar correctamente",dificultades_variadas
Todos los ponentes al viaje recibirán un diploma,Cada ponente al viaje recibirá un diploma,dificultades_variadas
Todos los asistentes al congreso contarán con una carpeta con materiales,Cada asistente al congreso contará con una carpeta con materiales,dificultades_variadas
Durante su ingreso no debe tomar vitaminas que no le sean suministradas por los especialistas de nuestro centro,Durante su ingreso no debe tomar vitaminas que no le sean suministradas por el personal experto de nuestro centro,dificultades_variadas
Todos los ponentes al curso contarán con un dossier explicativo,Cada ponente al curso contará con un dossier explicativo,dificultades_variadas
"Trascurrido este tiempo , los limpiadores retirarán todas las mesas y las sillas","Trascurrido este tiempo , el personal de limpieza retirará todas las mesas y las sillas",dificultades_variadas
Todos los asistentes al congreso contarán con un regalo,Cada asistente al congreso contará con un regalo,dificultades_variadas
El tiempo que esté aquí no debe tomar vitaminas que no le sean suministradas por el personal especializado en este caso,El tiempo que esté aquí no debe tomar vitaminas que no le sean suministradas por el personal especializado en este caso,no_cambia
Se ha comunicado a los ciudadanos los resultados de la votación,Se ha comunicado a la ciudadanía los resultados de la votación,dificultades_variadas
Estos ordenadores permitirán que los administrativos trabajen con más rapidez,Estos ordenadores permitirán que el personal administrativo trabaje con más rapidez,dificultades_variadas
Otro campo de acción importante fueron los hospitales donde se trabaja con los enfermeros de manera estrecha,Otro campo de acción importante fueron los hospitales donde se trabaja con el personal sanitario de manera estrecha,dificultades_variadas
Estos servicios permitirán que los administrativos trabajen con más rapidez y realicen sus actividades de manera más óptima,Estos servicios permitirán que el personal administrativo trabaje con más rapidez y realice sus actividades de manera más óptima,dificultades_variadas
Estas herramientas permitirán que los administrativos trabajen con más celeridad,Estas herramientas permitirán que el personal administrativo trabaje con más celeridad,dificultades_variadas
Todos tenemos una imagen de nosotros mismos,Cada persona tiene una imagen de sí misma,dificultades_variadas
Podrá solicitar la beca todo estudiante que se haya matriculado en la Universidad de Jaén.,Podrá solicitar la beca cualquier estudiante que se haya matriculado en la Universidad de Jaén.,no_cambia
Durante su ingreso no debe tomar vitaminas que no le sean suministradas por los especialistas en su cirugía,Durante su ingreso no debe tomar vitaminas que no le sean suministradas por el personal experto en su cirugía,dificultades_variadas
Pasado el plazo las limpiadoras retirarán todas las mesas y las sillas,Pasado el plazo el personal de limpieza retirará todas las mesas y las sillas,dificultades_variadas
Todos los ponentes al viaje recibirán un regalo,Cada ponente al viaje recibirá un regalo,dificultades_variadas
"Anímate, hazte socio y colabora con nuestra asociación","Anímate, asóciate y colabora con nuestra asociación",dificultades_variadas
Requisitos para estudiantes extranjeros,Requisitos para estudiantes extranjeros y extranjeras,dificultades_variadas
Otro campo de acción importante han sido los hospitales privados donde se trabaja con las enfermeras,Otro campo de acción importante han sido los hospitales privados donde se trabaja con el personal sanitario,dificultades_variadas
Solo se admiten estudiantes cualificados,Solo se admiten estudiantes con cualificación,dificultades_variadas
Otro campo de acción importante fueron los hospitales públicos donde se trabaja con las enfermeras de manera estrecha,Otro campo de acción importante fueron los hospitales públicos donde se trabaja con el personal sanitario de manera estrecha,dificultades_variadas
los partidos funcionan únicamente como vehículo para que alguno pueda hacerse con el control,los partidos funcionan únicamente como vehículo para que cierta persona pueda hacerse con el control,dificultades_variadas
Otro campo de acción importante fueron los hospitales donde se trabaja con los médicos de manera estrecha,Otro campo de acción importante fueron los hospitales donde se trabaja con el personal médico de manera estrecha,dificultades_variadas
¿Cómo cabe esperar que la situación mejore si los encargados de maximizar los beneficios apenas tienen en cuenta este aspecto?,¿Cómo cabe esperar que la situación mejore si el personal encargado de maximizar los beneficios apenas tiene en cuenta este aspecto?,dificultades_variadas
"los organizadores de los programas tenían en cuenta que , para ser efectivos , era necesario acompañar la participación","el equipo organizador de los programas tenía en cuenta que , para tener efectividad , era necesario acompañar la participación",dificultades_variadas
En la mesa redonda intervendrán distintos participantes. Dichos ponentes serán especialistas en la materia,En la mesa redonda intervendrán diferentes participantes Tales ponentes serán especialistas en la materia,dificultades_variadas
Todos los ponentes al congreso obtendrán un regalo,Cada ponente al congreso obtendrá un regalo,dificultades_variadas
Habitualmente los equipos de trabajo funcionan únicamente como vehículo para que alguno pueda hacerse con el poder o mantenerlo,Habitualmente los equipos de trabajo funcionan únicamente como vehículo para que cierta persona pueda hacerse con el poder o mantenerlo,dificultades_variadas
Otro campo de acción importante fueron los hospitales privados donde se trabaja con las enfermeras,Otro campo de acción importante fueron los hospitales privados donde se trabaja con el personal sanitario,dificultades_variadas
los partidos funcionan únicamente como vehículo para que alguno pueda hacerse con el control,los partidos funcionan únicamente como vehículo para que cierta persona pueda hacerse con el control,dificultades_variadas
Solo se admiten estudiantes autorizados,Solo se admiten estudiantes con autorización,dificultades_variadas
Después de este tiempo los limpiadores retirarán todas las mesas y las sillas,Después de este tiempo el personal de limpieza retirará todas las mesas y las sillas,dificultades_variadas
"Cuyo uso hubiera sido cedido a parientes , incluyendo afines","Cuyo uso hubiera sido cedido a parientes , incluyendo afines",nombres_propios
"Previamente , los aspirantes deberán notificar inmediatamente a la Comisión cualquier modificación importante de la información del estadio.","Previamente , quienes aspiren deberán notificar inmediatamente a la Comisión cualquier modificación importante de la información del estadio.",dificultades_variadas
Las formadoras Ana y Josefa impartirán la asignatura de Física.,Las formadoras Ana y Josefa impartirán la asignatura de Física.,nombres_propios
Las profesoras Lucía y Sofía impartirán el temario de Educación Física.,Las profesoras Lucía y Sofía impartirán el temario de Educación Física.,no_cambia
Se asesora a los estudiantes con dificultades,Se asesora a estudiantes con dificultades,dificultades_variadas
Todos los asistentes al viaje obtendrán una carpeta con materiales,Cada asistente al viaje obtendrá una carpeta con materiales,dificultades_variadas
Todos los ponentes al congreso contarán con una acreditación,Cada ponente al congreso contará con una acreditación,dificultades_variadas
el estudiante se integra en una amplia comunidad virtual en donde distintos servicios en línea están a su alcance para dar respuesta a sus necesidades.,quien estudie se integra en una amplia comunidad virtual en donde distintos servicios en línea están a su alcance para dar respuesta a sus necesidades.,dificultades_variadas
Todos los asistentes al curso obtendrán una carpeta con materiales,Cada asistente al curso obtendrá una carpeta con materiales,dificultades_variadas
Todos los asistentes al congreso obtendrán un dossier explicativo,Cada asistente al congreso obtendrá un dossier explicativo,dificultades_variadas
La normativa está enfocada a los voluntarios y les explicaba sus deberes y obligaciones,La normativa está enfocada al voluntariado y les explicaba sus deberes y obligaciones,dificultades_variadas
Otro campo de acción importante fueron los hospitales públicos donde se trabaja con los enfermeros de manera estrecha,Otro campo de acción importante fueron los hospitales públicos donde se trabaja con el personal sanitario de manera estrecha,dificultades_variadas
Otro campo de actuación importante han sido los hospitales públicos dónde se trabaja con las enfermeras codo con codo,Otro campo de actuación importante han sido los hospitales públicos dónde se trabaja con el personal sanitario codo con codo,dificultades_variadas
Cuando se incluya en el plan de estudios comenzará el proceso,Cuando se incluya en el plan de estudios comenzará el proceso,no_cambia
"Pasado el plazo los limpiadores , las limpiadoras retirará todas las infraestructuras",Pasado el plazo el personal de limpieza retirará todas las infraestructuras,dificultades_variadas
El número de los formadores admitidos ha excedido los números anteriores,El número de docentes admitidos y admitidas ha excedido los números anteriores,dificultades_variadas
Establecer un protocolo de ación para todos los formadores de manera justa,Establecer un protocolo de acción para todo el profesorado de manera justa,dificultades_variadas
"En consecuencia , el premio se entregará totalmente a los candidatos seleccionados en una ceremonia","En consecuencia , el premio se entregará totalmente a las candidaturas seleccionadas en una ceremonia",dificultades_variadas
"En muchos casos , los equipos de trabajo funcionan únicamente como vehículo para que alguno pueda hacerse con el poder","En muchos casos , los equipos de trabajo funcionan únicamente como vehículo para que cierta persona pueda hacerse con el poder",dificultades_variadas
Todos los asistentes al congreso recibirán un diploma,Cada asistente al congreso recibirá un diploma,dificultades_variadas
Es importante cubrir las carencias que tiene el equipo promotor contratando personal cualificado con un perfil diferente para compensar las carencias,Es importante cubrir las carencias que tiene el equipo promotor contratando personal cualificado con un perfil diferente para compensar las carencias,no_cambia
"Trascurrido este tiempo, las limpiadoras retirará todos los materiales","Trascurrido este tiempo , el personal de limpieza retirará todos los materiales",dificultades_variadas
Todos los asistentes al congreso contarán con un diploma,Cada asistente al congreso contará con un diploma,dificultades_variadas
Mientras esté ingresado no debe tomar vitaminas que no le sean suministradas por los expertos en este caso,Mientras esté ingresado no debe tomar vitaminas que no le sean suministradas por el personal especializado en este caso,dificultades_variadas
Todos los asistentes al curso contarán con una acreditación,Cada asistente al curso contará con una acreditación,dificultades_variadas
El tribunal estará compuesto por profesionales acreditados,El tribunal estará compuesto por profesionales con acreditación,dificultades_variadas
Todos los asistentes al viaje recibirán un regalo,Cada asistente al viaje recibirá un regalo,dificultades_variadas
Todos los ponentes al curso obtendrán una acreditación,Cada ponente al curso obtendrá una acreditación,dificultades_variadas
"Es mandatario que el mentor esté disponible para capacitar , ayudar y dar apoyo a su estudiante","Es mandatario que el mentor esté disponible para capacitar , ayudar y dar apoyo a su estudiante",no_cambia
Otro campo de acción importante han sido los hospitales donde se trabaja con los médicos de manera estrecha,Otro campo de acción importante han sido los hospitales donde se trabaja con el personal médico de manera estrecha,dificultades_variadas
Todos los asistentes al congreso obtendrán un regalo,Cada asistente al congreso obtendrá un regalo,dificultades_variadas
Todos los asistentes al viaje obtendrán un regalo,Cada asistente al viaje obtendrá un regalo,dificultades_variadas
Otro campo de acción importante fueron los hospitales privados donde se trabaja con los médicos de manera estrecha,Otro campo de acción importante fueron los hospitales privados donde se trabaja con el personal médico de manera estrecha,dificultades_variadas
Después de este tiempo los limpiadores  retirarán todas las infraestructuras,Después de este tiempo el personal de limpieza retirará todas las infraestructuras,dificultades_variadas
Otro campo de acción importante fueron los hospitales públicos donde se trabaja con los médicos de manera estrecha,Otro campo de acción importante fueron los hospitales públicos donde se trabaja con el personal médico de manera estrecha,dificultades_variadas
Los profesores Martín y Lucas impartirán el temario de Química.,Los profesores Martín y Lucas impartirán el temario de Química.,nombres_propios
Todos los ponentes del curso recibirán una acreditación,Cada ponente al curso recibirá una acreditación,dificultades_variadas
Todos los ponentes del congreso contarán con un diploma,Cada ponente del congreso contará con un diploma,dificultades_variadas
Habitualmente los equipos de trabajo funcionan únicamente como vehículo para que alguno pueda hacerse con el poder,Habitualmente los equipos de trabajo funcionan únicamente como vehículo para que cierta persona pueda hacerse con el poder,dificultades_variadas
Otro campo de acción importante fueron los hospitales donde se trabaja con los médicos codo con codo,Otro campo de actuación importante fueron los hospitales dónde se trabaja con el personal médico codo con codo,dificultades_variadas
El tiempo que esté aquí no debe tomar vitaminas que no le sean suministradas por los especialistas de nuestro centro,El tiempo que esté aquí no debe tomar vitaminas que no le sea suministrada por el personal experto de nuestro centro,dificultades_variadas
¿Cómo cabe esperar que la situación mejore si los encargados de maximizar los beneficios apenas tienen en cuenta este aspecto?,¿Cómo cabe esperar que la situación mejore si el personal encargado de maximizar los beneficios apenas tiene en cuenta este aspecto?,dificultades_variadas
El tiempo que esté aquí no debe tomar vitaminas que no le sean suministradas por los especialistas en su cirugía,El tiempo que esté aquí no debe tomar vitaminas que no le sea suministrada por el personal experto en su cirugía,dificultades_variadas
Otro campo de acción importante fueron los hospitales públicos donde se trabaja con el personal médico de manera estrecha,Otro campo de acción importante fueron los hospitales públicos donde se trabaja con el personal médico de manera estrecha,no_cambia
Todos los asistentes al viaje recibirán una carpeta con materiales,Cada asistente al viaje recibirá una carpeta con materiales,dificultades_variadas
Otro campo de acción importante han sido los hospitales públicos donde se trabaja con el personal sanitario codo con codo,Otro campo de acción importante han sido los hospitales públicos donde se trabaja con el personal sanitario codo con codo,no_cambia
Estos servicios permitirán que los administrativos trabajen con más eficacia,Estos servicios permitirán que el personal administrativo trabaje con más eficacia,dificultades_variadas
Otro campo de acción importante han sido los hospitales públicos donde se trabaja con los médicos codo con codo,Otro campo de acción importante han sido los hospitales públicos donde se trabaja con el personal médico codo con codo,dificultades_variadas
Todos los asistentes al congreso recibirán una acreditación,Cada asistente al congreso recibirá una acreditación,dificultades_variadas
Debe figurar el nombre del ocupante la plaza,Debe figurar el nombre de quien ocupa la plaza,dificultades_variadas
"La de Barcelona , organizada por los directores del departamento de finanzas , se celebrará el 25 de julio","La de Barcelona , organizada por el equipo directivo del departamento de finanzas , se celebrará el 25 de julio",dificultades_variadas
Todos los ponentes al congreso recibirán un diploma,Cada ponente al congreso recibirá un diploma,dificultades_variadas
Todos los asistentes al curso contarán con una carpeta con materiales,Cada asistente al curso contará con una carpeta con materiales,dificultades_variadas
Estas iniciativas se desarrollan en todo el espectro de interacciones entre los funcionarios y el público,Estas iniciativas se desarrollan en todo el espectro de interacciones entre el personal funcionario y el público,dificultades_variadas
El tiempo que esté aquí no debe tomar vitaminas que no le sean suministradas por los especialistas,El tiempo que esté aquí no debe tomar vitaminas que no le sean suministradas por el personal experto,dificultades_variadas
Todos los asistentes al curso contarán con un diploma,Cada asistente al curso contará con un diploma,dificultades_variadas
Todos los asistentes al congreso contarán con una acreditación,Cada asistente al congreso contará con una acreditación,dificultades_variadas
"Cuando los beneficiarios de una asignación por invalidez no reúnan las condiciones , se procederá a su expulsión","Cuando las personas beneficiarias de una asignación por invalidez no reúnan las condiciones , se procederá a su expulsión",dificultades_variadas
el estudiante se integra en una amplia comunidad virtual en donde distintos servicios en línea están a su alcance para dar respuesta a sus necesidades.,quien estudie se integra en una amplia comunidad virtual en donde distintos servicios en línea están a su alcance para dar respuesta a sus necesidades.,dificultades_variadas
Todos los ponentes al curso obtendrán un dossier explicativo,Cada ponente al curso obtendrá un dossier explicativo,dificultades_variadas
El tiempo que esté aquí no debe tomar agua que no le sea suministrada por los expertos de nuestro centro,El tiempo que esté aquí no debe tomar agua que no le sea suministrada por el personal especializado de nuestro centro,dificultades_variadas
Todos los ponentes al congreso obtendrán un diploma,Cada ponente al congreso obtendrá un diploma,dificultades_variadas
Otro campo de acción importante fueron los hospitales públicos donde se trabaja con los médicos codo con codo,Otro campo de acción importante fueron los hospitales públicos donde se trabaja con el personal médico codo con codo,dificultades_variadas
Todos los ponentes al viaje obtendrán un dossier explicativo,Cada ponente al viaje obtendrá un dossier explicativo,dificultades_variadas
los equipos de futbol funcionan únicamente como vehículo para que alguno pueda hacerse con el poder,los equipos de futbol funcionan únicamente como vehículo para que cierta persona pueda hacerse con el poder,dificultades_variadas
¿Cómo podemos esperar que la situación mejore si los encargados de maximizar los beneficios apenas tienen en cuenta este aspecto?,¿Cómo podemos esperar que la situación mejore si el personal encargado de maximizar los beneficios apenas tiene en cuenta este aspecto?,dificultades_variadas
El tiempo que esté aquí no debe tomar vitaminas que no le sean suministradas por los especialistas,El tiempo que esté aquí no debe tomar vitaminas que no le sean suministradas por el personal experto,dificultades_variadas
Otro campo de acción importante han sido los hospitales públicos donde se trabaja con las enfermeras de manera estrecha,Otro campo de acción importante han sido los hospitales públicos donde se trabaja con el personal sanitario de manera estrecha,dificultades_variadas
Literatura infantil,Literatura infantil,no_cambia
Todos los ponentes contarán con un dossier explicativo,Cada ponente contará con un dossier explicativo,dificultades_variadas
Otro campo de acción importante han sido los hospitales donde se trabaja con las enfermeras de manera estrecha,Otro campo de acción importante han sido los hospitales donde se trabaja con el personal sanitario de manera estrecha,dificultades_variadas
Mi primo es licenciado en ambientales,Mi primo es licenciado en ambientales,no_cambia
el autor de esta novela es William Shakespeare,el autor de esta novela es William Shakespeare,no_cambia
Todos los asistentes al congreso recibirán un regalo,Cada asistente al congreso recibirá un regalo,dificultades_variadas
Mientras esté ingresado no debe tomar vitaminas que no le sean suministradas por los especialistas en este caso,Mientras esté aquí no debe tomar vitaminas que no le sean suministradas por el personal experto en este caso,dificultades_variadas
Otro campo de acción importante han sido los hospitales públicos donde se trabaja con los médicos,Otro campo de acción importante han sido los hospitales públicos donde se trabaja con el personal médico,dificultades_variadas
"quienes necesiten ayuda , que acudan al mostrador","quienes necesiten ayuda , que acudan al mostrador",no_cambia
Otro campo de acción importante han sido los hospitales donde se trabaja con los médicos,Otro campo de acción importante han sido los hospitales donde se trabaja con el personal médico,dificultades_variadas
Todos los asistentes al viaje contarán con un regalo,Cada asistente al viaje contará con un regalo,dificultades_variadas
Mientras esté ingresado no debe tomar vitaminas que no le sean suministradas por los especialistas en su cirugía,Mientras esté aquí no debe tomar vitaminas que no le sean suministradas por el personal experto en su cirugía,dificultades_variadas
el día de tu boda tienes que contar con tu familia,el día de tu boda tienes que contar con tu familia,no_cambia
Durante su ingreso no debe tomar vitaminas que no le sean suministradas por los especialistas,Durante su ingreso no debe tomar vitaminas que no le sean suministradas por el personal experto,dificultades_variadas
Otro campo de acción importante fueron los hospitales privados donde se trabaja con el personal sanitario,Otro campo de acción importante fueron los hospitales privados donde se trabaja con el personal sanitario,no_cambia
Todos los asistentes al viaje contarán con una acreditación,Cada asistente al viaje contará con una acreditación,dificultades_variadas
Todos los ponentes del curso recibirán una carpeta con materiales,Cada ponente del curso recibirá una carpeta con materiales,dificultades_variadas
Todos los asistentes al viaje contarán con una carpeta con materiales,Cada asistente al viaje contará con una carpeta con materiales,dificultades_variadas
Otro campo de acción importante han sido los hospitales privados donde se trabaja con los médicos de manera estrecha,Otro campo de acción importante han sido los hospitales privados donde se trabaja con el personal médico de manera estrecha,dificultades_variadas
"Trascurrido este tiempo , los limpiadores retirará todas las infraestructuras","Trascurrido este tiempo , el personal de limpieza retirará todas las infraestructuras",dificultades_variadas
Todos los asistentes al curso obtendrán un diploma,Cada asistente al curso obtendrá un diploma,dificultades_variadas
Todos los asistentes al viaje contarán con un dossier explicativo,Cada asistente al viaje contará con un dossier explicativo,dificultades_variadas
Todos los ponentes del curso recibirán un regalo,Cada ponente del curso recibirá un regalo,dificultades_variadas
Aún no tenemos un estudio suficiente del motivo por el cual algunos tienen reacciones,Aún no tenemos un estudio suficiente del motivo por el cual ciertas personas tienen reacciones,dificultades_variadas
Mientras esté ingresado no debe tomar vitaminas que no le sean suministradas por los especialistas,Mientras esté aquí no debe tomar vitaminas que no le sean suministradas por el personal experto,dificultades_variadas
Todos los ponentes del curso obtendrán una carpeta con materiales,Cada ponente del curso obtendrá una carpeta con materiales,dificultades_variadas
Otro campo de acción importante han sido los hospitales donde se trabaja con los enfermeros de manera estrecha,Otro campo de acción importante han sido los hospitales donde se trabaja con el personal sanitario de manera estrecha,dificultades_variadas
Cada ponente del congreso recibirá una carpeta con materiales,Cada ponente del congreso recibirá una carpeta con materiales,no_cambia
Habitualmente los partidos funcionan únicamente como vehículo para que alguno pueda hacerse con el poder o mantenerlo,Habitualmente los partidos funcionan únicamente como vehículo para que cierta persona pueda hacerse con el poder o mantenerlo,dificultades_variadas
"Con demasiada frecuencia , los partidos funcionan únicamente como vehículo para que algunp pueda hacerse con el control","Con demasiada frecuencia , los partidos funcionan únicamente como vehículo para que cierta persona pueda hacerse con el control",dificultades_variadas
Durante su ingreso no debe tomar vitaminas que no le sean suministradas por los especialistas,Durante su ingreso no debe tomar vitaminas que no le sean suministradas por el personal experto,dificultades_variadas
Todos los ponentes del congreso recibirán un dossier explicativo,Cada ponente del congreso recibirá un dossier explicativo,dificultades_variadas
Los restantes vocales,El resto de vocales,dificultades_variadas
Otro campo de acción importante han sido los hospitales privados donde se trabaja con los enfermeros de manera estrecha,Otro campo de acción importante han sido los hospitales privados donde se trabaja con el personal sanitario de manera estrecha,dificultades_variadas
El tiempo que esté aquí no debe tomar vitaminas que no le sean suministradas por los especialistas en este caso,El tiempo que esté aquí no debe tomar vitaminas que no le sean suministradas por el personal experto en este caso,dificultades_variadas
Estos ordenadores permitirán que los administrativos trabajen con más eficacia,Estos ordenadores permitirán que el personal administrativo trabaje con más eficacia,dificultades_variadas
Todos los ponentes del congreso obtendrán una carpeta con materiales,Cada ponente del congreso obtendrá una carpeta con materiales,dificultades_variadas
Esta decisión afecta a los cántabras,Esta decisión afecta a la población cántabra,dificultades_variadas
Todos los asistentes al viaje obtendrán un diploma,Cada asistente al viaje obtendrá un diploma,dificultades_variadas
Las profesoras María y Carmen impartirán la asignatura de Educación Física.,Las profesoras María y Carmen impartirán la asignatura de Educación Física.,no_cambia
También necesita que las políticas se formulen con el colaborador de los líderes indígenas,También necesita que las políticas se formulen en colaboración con los líderes indígenas,dificultades_variadas
los equipos de trabajo funcionan únicamente como vehículo para que alguno pueda hacerse con el poder o mantenerlo,los equipos de trabajo funcionan únicamente como vehículo para que cierta persona pueda hacerse con el poder o mantenerlo,dificultades_variadas
Otro campo de acción importante fueron los hospitales públicos donde se trabaja con los médicos,Otro campo de acción importante fueron los hospitales públicos donde se trabaja con el personal médico,dificultades_variadas
Otro campo de acción importante han sido los hospitales públicos donde se trabaja con los enfermeros codo con codo,Otro campo de actuación importante han sido los hospitales públicos dónde se trabaja con el personal sanitario codo con codo,dificultades_variadas
Otro campo de actuación importante fueron los hospitales dónde se trabaja con los enfermeros codo con codo,Otro campo de acción importante fueron los hospitales donde se trabaja con el personal sanitario codo con codo,dificultades_variadas
Las páginas web podrán hacer difusión haciendo constar siempre la procedencia y el autor de las encuestas,Las páginas web podrán hacer difusión haciendo constar siempre la procedencia y la autoría de las encuestas,dificultades_variadas
"Cuando los beneficiarios de una asignación por invalidez no reúna las condiciones, se procederá a su expulsión","Cuando las personas beneficiarias de una asignación por invalidez no reúna las condiciones, se procederá a su expulsión",dificultades_variadas
Mientras esté ingresado no debe tomar agua que no le sea suministrada por los especialistas,Mientras esté aquí no debe tomar agua que no le sea suministrada por el personal experto,dificultades_variadas
los partidos funcionan únicamente como vehículo para que alguno pueda hacerse con el poder,los partidos funcionan únicamente como vehículo para que cierta persona pueda hacerse con el poder,dificultades_variadas
El tiempo que esté aquí no debe tomar vitaminas que no le sean suministradas por los expertos en este caso,El tiempo que esté aquí no debe tomar vitaminas que no le sean suministradas por el personal especializado en este caso,dificultades_variadas
Todos los asistentes al viaje contarán con un diploma,Cada asistente al viaje contará con un diploma,dificultades_variadas
Otro campo de acción importante han sido los hospitales privados donde se trabaja con los enfermeros,Otro campo de actuación importante han sido los hospitales privados dónde se trabaja con el personal sanitario,dificultades_variadas
Habitualmente los equipos de futbol funcionan únicamente como vehículo para que alguno pueda hacerse con el control o mantenerlo,Habitualmente los equipos de futbol funcionan únicamente como vehículo para que cierta persona pueda hacerse con el control o mantenerlo,dificultades_variadas
los aspirantes deberán notificar inmediatamente a la Comisión cualquier modificación importante,quienes aspiren deberán notificar inmediatamente a la Comisión cualquier modificación importante,dificultades_variadas
Otro campo de acción importante han sido los hospitales donde se trabaja con el personal médico,Otro campo de acción importante han sido los hospitales donde se trabaja con el personal médico,no_cambia
Habitualmente los equipos de futbol funcionan únicamente como vehículo para que alguno pueda hacerse con el poder,Habitualmente los equipos de futbol funcionan únicamente como vehículo para que cierta persona pueda hacerse con el poder,dificultades_variadas
Otro campo de acción importante fueron los hospitales donde se trabaja con las enfermeras codo con codo,Otro campo de acción importante fueron los hospitales donde se trabaja con el personal sanitario codo con codo,dificultades_variadas
Durante su ingreso no debe tomar vitaminas que no le sean suministradas por los especialistas en su cirugía,Durante su ingreso no debe tomar vitaminas que no le sean suministradas por el personal experto en su cirugía,dificultades_variadas
Todos los asistentes al curso recibirán un diploma,Cada asistente al curso recibirá un diploma,dificultades_variadas
Pasado el plazo las limpiadoras retirará todos los materiales,Pasado el plazo el personal de limpieza retirará todos los materiales,dificultades_variadas
Curso de idioma dirigidos a aquellos que quieran perfeccionar su segunda lengua,Curso de idioma dirigidos a quienes quieran perfeccionar su segunda lengua,dificultades_variadas
Cada ponente del congreso contará con una carpeta con materiales,Cada ponente del congreso contará con una carpeta con materiales,no_cambia
El tiempo que esté aquí no debe tomar vitaminas que no le sean suministradas por los expertos,El tiempo que esté aquí no debe tomar vitaminas que no le sean suministradas por el personal especializado,dificultades_variadas
Otro campo de acción importante fueron los hospitales privados donde se trabaja con los enfermeros codo con codo,Otro campo de acción importante fueron los hospitales privados donde se trabaja con el personal sanitario codo con codo,dificultades_variadas
los partidos funcionan únicamente como vehículo para que alguno pueda hacerse con el poder,los partidos funcionan únicamente como vehículo para que cierta persona pueda hacerse con el poder,dificultades_variadas
Mientras esté ingresado no debe tomar agua que no le sea suministrada por los especialistas en este caso,Mientras esté aquí no debe tomar agua que no le sea suministrada por el personal experto en este caso,dificultades_variadas
"los que necesiten ayuda , que acudan al mostrador","quienes necesiten ayuda , que acudan al mostrador",dificultades_variadas
los partidos funcionan únicamente como vehículo para que alguno pueda hacerse con el poder o mantenerlo,los partidos funcionan únicamente como vehículo para que cierta persona pueda hacerse con el poder o mantenerlo,dificultades_variadas
Todos los ponentes del curso contarán con una carpeta con materiales,Cada ponente del curso contará con una carpeta con materiales,dificultades_variadas
Tenemos que solventar los problemas que tiene el equipo promotor contratando personal con un perfil diferente para compensar los fallos,Tenemos que solventar los problemas que tiene el equipo promotor contratando personal con un perfil diferente para compensar los fallos,no_cambia
Estas herramientas permitirán que los administrativos trabajen con más eficacia y realicen sus actividades de manera más óptima,Estas herramientas permitirán que el personal administrativo trabaje con más eficacia y realice sus actividades de manera más óptima,dificultades_variadas
Estas herramientas permitirán que los administrativos trabajen con más rapidez y realicen sus actividades de manera más óptima,Estas herramientas permitirán que el personal administrativo trabaje con más rapidez y realice sus actividades de manera más óptima,dificultades_variadas
"Con demasiada frecuencia , los equipos de trabajo funcionan únicamente como vehículo para que alguno pueda hacerse con el poder","Con demasiada frecuencia , los equipos de trabajo funcionan únicamente como vehículo para que cierta persona pueda hacerse con el poder",dificultades_variadas
estudiantes declaran declara su conformidad con el procesamiento electrónico de sus datos personales.,estudiantes declaran declara su conformidad con el procesamiento electrónico de sus datos personales.,no_cambia
los equipos de futbol funcionan únicamente como vehículo para que alguno pueda hacerse con el control,los equipos de futbol funcionan únicamente como vehículo para que cierta persona pueda hacerse con el control,dificultades_variadas
Durante su ingreso no debe tomar vitaminas que no le sean suministradas por los expertos en este caso,Durante su ingreso no debe tomar vitaminas que no le sean suministradas por el personal especializado en este caso,dificultades_variadas
Para ser catedrático se re quiere mucho esfuerzo,Para obtener una cátedra se requiere mucho esfuerzo,dificultades_variadas
los profesores,el profesorado,dificultades_variadas
alguno es el responsable del éxito del equipo.,cierta persona es la responsable del éxito del equipo.,dificultades_variadas
el profesorado,el profesorado,no_cambia
alguno es es responsable del éxito del equipo.,cierta persona es la responsable del éxito del equipo.,dificultades_variadas
las formadoras,el profesorado,dificultades_variadas
las profesoras,el profesorado,dificultades_variadas
Aún no existen estudios determinantes de por qué algunos tienen enfermedades crónicas,Aún no existen estudios determinantes de por qué ciertas personas tienen enfermedades crónicas,dificultades_variadas
Aún no existe una compresión cabal de por qué algunos tienen enfermedades crónicas,Aún no existe una compresión cabal de por qué ciertas personas tienen enfermedades crónicas,dificultades_variadas
Alguno quiere pasar a la pizarra,Alguien quiere pasar a la pizarra,dificultades_variadas
Aún no existe una compresión cabal de por qué algunos tienen intolerancias alimenticias,Aún no existe una compresión cabal de por qué ciertas personas tienen intolerancias alimenticias,dificultades_variadas
Aún no existe una compresión cabal de por qué algunos tienen enfermedades crónicas,Aún no existe una compresión cabal de por qué ciertas personas tienen enfermedades crónicas,dificultades_variadas
Aún no existe una compresión cabal de por qué algunas tienen reacciones alérgicas,Aún no existe una compresión cabal de por qué ciertas personas tienen reacciones alérgicas,dificultades_variadas
"Por ello , la beca podrá repartirse en su totalidad a los candidatos seleccionados en un único pago","Por ello , la beca podrá repartirse en su totalidad a las candidaturas seleccionadas en un único pago",dificultades_variadas
